{"stats":{"minecraft:dropped":{"minecraft:diamond_sword":1,"minecraft:spider_eye":1,"minecraft:sand":1,"minecraft:oak_sapling":1},"minecraft:mined":{"minecraft:sand":1,"minecraft:oak_leaves":1},"minecraft:picked_up":{"minecraft:diamond_sword":1,"minecraft:sand":2,"minecraft:oak_sapling":1,"minecraft:spider_eye":1,"minecraft:string":2},"minecraft:killed":{"minecraft:spider":2},"minecraft:used":{"minecraft:diamond_sword":6,"minecraft:sand":1,"minecraft:enchanted_golden_apple":2},"minecraft:custom":{"minecraft:time_since_rest":13277,"minecraft:play_one_minute":13277,"minecraft:crouch_one_cm":100,"minecraft:sprint_one_cm":13295,"minecraft:damage_taken":144,"minecraft:walk_one_cm":17251,"minecraft:sneak_time":25,"minecraft:walk_under_water_one_cm":201,"minecraft:mob_kills":2,"minecraft:drop":4,"minecraft:jump":144,"minecraft:damage_dealt":310,"minecraft:leave_game":2,"minecraft:walk_on_water_one_cm":246,"minecraft:time_since_death":13277,"minecraft:damage_resisted":16,"minecraft:fall_one_cm":3925,"minecraft:fly_one_cm":24064}},"DataVersion":2586}