{"stats":{"minecraft:mined":{"minecraft:oak_leaves":1},"minecraft:picked_up":{"minecraft:oak_sapling":1},"minecraft:dropped":{"minecraft:oak_sapling":1},"minecraft:custom":{"minecraft:jump":73,"minecraft:time_since_rest":2092,"minecraft:play_one_minute":2092,"minecraft:leave_game":1,"minecraft:walk_on_water_one_cm":246,"minecraft:sprint_one_cm":8132,"minecraft:damage_taken":80,"minecraft:time_since_death":2092,"minecraft:walk_one_cm":3658,"minecraft:walk_under_water_one_cm":201,"minecraft:drop":1,"minecraft:fall_one_cm":3103,"minecraft:fly_one_cm":8223}},"DataVersion":2586}