{"stats":{"minecraft:used":{"minecraft:enchanted_golden_apple":1},"minecraft:custom":{"minecraft:jump":116,"minecraft:time_since_rest":5980,"minecraft:damage_taken":304,"minecraft:play_one_minute":11656,"minecraft:crouch_one_cm":133,"minecraft:leave_game":8,"minecraft:time_since_death":7028,"minecraft:sprint_one_cm":22769,"minecraft:walk_one_cm":26992,"minecraft:walk_on_water_one_cm":114,"minecraft:deaths":1,"minecraft:sneak_time":66,"minecraft:walk_under_water_one_cm":2051,"minecraft:fall_one_cm":5954,"minecraft:fly_one_cm":55459,"minecraft:aviate_one_cm":330467}},"DataVersion":2586}