{"stats":{"minecraft:dropped":{"minecraft:diamond_sword":1,"minecraft:spider_eye":1,"minecraft:sand":1,"minecraft:diamond":4,"minecraft:oak_sapling":1},"minecraft:custom":{"minecraft:time_since_rest":18976,"minecraft:damage_absorbed":212,"minecraft:crouch_one_cm":100,"minecraft:play_one_minute":51749,"minecraft:sprint_one_cm":27525,"minecraft:deaths":1,"minecraft:damage_taken":649,"minecraft:walk_one_cm":33146,"minecraft:sneak_time":25,"minecraft:walk_under_water_one_cm":201,"minecraft:mob_kills":7,"minecraft:drop":8,"minecraft:jump":267,"minecraft:damage_dealt":1159,"minecraft:leave_game":3,"minecraft:time_since_death":18853,"minecraft:walk_on_water_one_cm":246,"minecraft:damage_resisted":98,"minecraft:fall_one_cm":10146,"minecraft:fly_one_cm":43086},"minecraft:mined":{"minecraft:sand":1,"minecraft:oak_leaves":11},"minecraft:used":{"minecraft:diamond_sword":27,"minecraft:sand":1,"minecraft:enchanted_golden_apple":6},"minecraft:killed_by":{"minecraft:zombie":1},"minecraft:killed":{"minecraft:spider":2,"minecraft:zombie":5},"minecraft:picked_up":{"minecraft:diamond":2,"minecraft:rotten_flesh":2,"minecraft:diamond_sword":2,"minecraft:sand":2,"minecraft:enchanted_golden_apple":62,"minecraft:oak_sapling":1,"minecraft:spider_eye":1,"minecraft:string":4}},"DataVersion":2586}