{"stats":{"minecraft:used":{"minecraft:rotten_flesh":1,"minecraft:sand":2},"minecraft:dropped":{"minecraft:spider_eye":1,"minecraft:string":1},"minecraft:killed_by":{"minecraft:skeleton":2,"minecraft:spider":1,"minecraft:zombie":2},"minecraft:killed":{"minecraft:spider":1},"minecraft:mined":{"minecraft:sand":8,"minecraft:oak_leaves":1},"minecraft:picked_up":{"minecraft:arrow":2,"minecraft:bone":11,"minecraft:rotten_flesh":3,"minecraft:sand":4,"minecraft:spider_eye":4,"minecraft:string":5},"minecraft:custom":{"minecraft:time_since_rest":2050,"minecraft:play_one_minute":9947,"minecraft:sprint_one_cm":15240,"minecraft:deaths":5,"minecraft:damage_taken":1395,"minecraft:walk_one_cm":22615,"minecraft:sneak_time":173,"minecraft:walk_under_water_one_cm":3450,"minecraft:mob_kills":3,"minecraft:drop":2,"minecraft:jump":157,"minecraft:damage_dealt":389,"minecraft:leave_game":3,"minecraft:walk_on_water_one_cm":717,"minecraft:time_since_death":2001,"minecraft:fall_one_cm":4676,"minecraft:fly_one_cm":54014}},"DataVersion":2586}