{"stats":{"minecraft:killed":{"minecraft:spider":1},"minecraft:mined":{"minecraft:oak_leaves":1},"minecraft:picked_up":{"minecraft:spider_eye":1,"minecraft:string":1},"minecraft:killed_by":{"minecraft:spider":1},"minecraft:custom":{"minecraft:jump":66,"minecraft:time_since_rest":479,"minecraft:damage_dealt":160,"minecraft:play_one_minute":4289,"minecraft:deaths":1,"minecraft:leave_game":2,"minecraft:sprint_one_cm":3676,"minecraft:damage_taken":390,"minecraft:time_since_death":446,"minecraft:walk_one_cm":11373,"minecraft:mob_kills":1,"minecraft:drop":2,"minecraft:fall_one_cm":209,"minecraft:fly_one_cm":15307},"minecraft:dropped":{"minecraft:spider_eye":1,"minecraft:string":1}},"DataVersion":2586}